ZIP_CODE,Positive,Negative,Probable,date
15521,248,467,165,2022-04-25
15522,1882,3505,821,2022-04-25
15530,917,1929,338,2022-04-25
15531,599,1248,268,2022-04-25
15533,178,338,103,2022-04-25
15534,100,175,84,2022-04-25
15535,281,448,117,2022-04-25
15536,53,149,32,2022-04-25
15537,1216,2120,545,2022-04-25
15538,96,193,44,2022-04-25
15539,103,165,51,2022-04-25
15541,572,1111,218,2022-04-25
15542,223,345,70,2022-04-25
15545,411,588,212,2022-04-25
15546,55,127,26,2022-04-25
15550,227,421,124,2022-04-25
15552,1185,2073,275,2022-04-25
15554,288,609,251,2022-04-25
15555,11,36,10,2022-04-25
15558,301,550,59,2022-04-25
15559,274,480,190,2022-04-25
15562,29,81,6,2022-04-25
15563,443,956,232,2022-04-25
15564,19,23,8,2022-04-25
15705,89,271,96,2022-04-25
15711,64,99,19,2022-04-25
15714,965,2065,405,2022-04-25
15716,94,186,43,2022-04-25
15720,28,41,9,2022-04-25
15721,25,50,6,2022-04-25
15722,375,651,167,2022-04-25
15724,336,685,139,2022-04-25
15728,482,1015,254,2022-04-25
15729,192,397,71,2022-04-25
15730,11,26,5,2022-04-25
15739,77,154,28,2022-04-25
15742,187,278,49,2022-04-25
15744,12,25,10,2022-04-25
15750,36,62,15,2022-04-25
15753,55,100,26,2022-04-25
15757,219,405,96,2022-04-25
15758,5,6,0,2022-04-25
15759,400,661,119,2022-04-25
15760,26,43,6,2022-04-25
15762,134,271,69,2022-04-25
15763,-1,6,-1,2022-04-25
15764,11,20,-1,2022-04-25
15765,227,476,82,2022-04-25
15767,1910,3785,686,2022-04-25
15770,22,40,9,2022-04-25
15771,118,220,37,2022-04-25
15772,207,461,69,2022-04-25
15773,110,173,36,2022-04-25
15775,-1,0,0,2022-04-25
15776,11,11,5,2022-04-25
15777,20,50,12,2022-04-25
15778,29,41,13,2022-04-25
15780,31,41,-1,2022-04-25
15784,22,38,6,2022-04-25
15801,2516,6139,1866,2022-04-25
15821,21,31,5,2022-04-25
15823,132,345,109,2022-04-25
15824,573,1288,476,2022-04-25
15825,1552,2890,599,2022-04-25
15827,37,78,23,2022-04-25
15828,34,74,7,2022-04-25
15829,192,340,65,2022-04-25
15832,26,83,9,2022-04-25
15834,497,1351,220,2022-04-25
15840,197,503,145,2022-04-25
15845,400,795,238,2022-04-25
15846,378,820,297,2022-04-25
15848,111,230,100,2022-04-25
15849,162,352,112,2022-04-25
15851,739,1555,535,2022-04-25
15853,910,1924,521,2022-04-25
15856,91,198,59,2022-04-25
15857,1628,3453,1399,2022-04-25
15860,175,312,50,2022-04-25
15861,16,27,-1,2022-04-25
15864,283,504,99,2022-04-25
15865,152,304,125,2022-04-25
15866,14,41,22,2022-04-25
15868,199,376,155,2022-04-25
15870,138,270,93,2022-04-25
15901,634,1743,179,2022-04-25
15902,1891,4805,760,2022-04-25
15904,2691,6288,1279,2022-04-25
15905,3324,8692,1652,2022-04-25
15906,1717,4286,797,2022-04-25
15909,895,2009,374,2022-04-25
15920,158,359,57,2022-04-25
15924,157,327,91,2022-04-25
15926,387,872,206,2022-04-25
15927,201,429,100,2022-04-25
15928,310,760,210,2022-04-25
15931,1662,4290,723,2022-04-25
15934,42,86,41,2022-04-25
15935,405,946,244,2022-04-25
15936,253,490,143,2022-04-25
15938,467,977,213,2022-04-25
15940,836,1110,549,2022-04-25
15942,288,751,184,2022-04-25
15943,603,1445,371,2022-04-25
15944,463,1126,221,2022-04-25
15945,42,83,21,2022-04-25
15946,1118,2503,570,2022-04-25
15949,151,238,54,2022-04-25
15951,121,265,64,2022-04-25
15952,202,491,135,2022-04-25
15953,13,23,5,2022-04-25
15954,371,759,117,2022-04-25
15955,314,701,198,2022-04-25
15956,489,1051,279,2022-04-25
15957,52,157,44,2022-04-25
15958,305,694,215,2022-04-25
15960,52,157,50,2022-04-25
15961,159,309,88,2022-04-25
15963,1574,3866,1118,2022-04-25
16020,212,324,46,2022-04-25
16022,85,140,25,2022-04-25
16025,1019,1562,303,2022-04-25
16028,307,574,56,2022-04-25
16030,52,79,14,2022-04-25
16036,25,35,8,2022-04-25
16038,591,941,105,2022-04-25
16040,128,256,57,2022-04-25
16041,286,579,92,2022-04-25
16049,495,822,122,2022-04-25
16050,260,431,79,2022-04-25
16051,393,943,164,2022-04-25
16057,2245,4667,510,2022-04-25
16061,421,688,111,2022-04-25
16101,5223,11384,2420,2022-04-25
16102,807,1736,375,2022-04-25
16105,2144,5519,1113,2022-04-25
16110,56,109,27,2022-04-25
16111,145,223,44,2022-04-25
16112,208,446,111,2022-04-25
16114,59,186,28,2022-04-25
16116,372,793,192,2022-04-25
16121,808,1674,165,2022-04-25
16124,202,540,74,2022-04-25
16125,2608,6455,770,2022-04-25
16127,2619,5135,658,2022-04-25
16130,281,533,70,2022-04-25
16131,136,240,37,2022-04-25
16133,183,393,47,2022-04-25
16134,484,1227,164,2022-04-25
16137,2010,5363,528,2022-04-25
16142,673,1618,298,2022-04-25
16143,372,778,169,2022-04-25
16145,409,736,113,2022-04-25
16146,2350,5348,542,2022-04-25
16148,2891,6405,917,2022-04-25
16150,1146,2574,384,2022-04-25
16153,361,722,93,2022-04-25
16154,334,821,107,2022-04-25
16156,406,776,168,2022-04-25
16159,727,1374,233,2022-04-25
16172,66,197,71,2022-04-25
16213,22,35,5,2022-04-25
16214,1450,2705,302,2022-04-25
16217,11,48,-1,2022-04-25
16218,236,335,37,2022-04-25
16224,215,333,42,2022-04-25
16225,5,21,-1,2022-04-25
16232,668,1030,142,2022-04-25
16233,162,245,56,2022-04-25
16234,13,17,-1,2022-04-25
16235,194,339,71,2022-04-25
16239,1666,2653,75,2022-04-25
16240,212,383,63,2022-04-25
16242,843,1292,143,2022-04-25
16248,531,867,110,2022-04-25
16253,21,48,-1,2022-04-25
16254,626,1055,209,2022-04-25
16255,467,539,77,2022-04-25
16258,328,477,71,2022-04-25
16260,37,55,5,2022-04-25
16301,2676,4529,585,2022-04-25
16311,63,117,15,2022-04-25
16313,252,477,101,2022-04-25
16314,946,1663,306,2022-04-25
16316,905,1917,276,2022-04-25
16317,288,396,62,2022-04-25
16319,201,318,52,2022-04-25
16321,26,32,-1,2022-04-25
16323,2821,4650,621,2022-04-25
16326,67,106,14,2022-04-25
16327,474,808,116,2022-04-25
16329,45,121,19,2022-04-25
16331,12,18,6,2022-04-25
16332,12,39,-1,2022-04-25
16333,35,69,6,2022-04-25
16334,84,99,14,2022-04-25
16335,5092,11818,1323,2022-04-25
16340,245,468,75,2022-04-25
16341,419,644,44,2022-04-25
16342,500,796,73,2022-04-25
16345,385,913,178,2022-04-25
16346,476,823,95,2022-04-25
16347,321,499,89,2022-04-25
16350,289,541,91,2022-04-25
16351,246,504,59,2022-04-25
16353,415,772,51,2022-04-25
16354,2343,3707,208,2022-04-25
16360,230,436,41,2022-04-25
16362,173,288,51,2022-04-25
16364,141,265,44,2022-04-25
16365,2582,5868,949,2022-04-25
16371,460,1096,282,2022-04-25
16372,77,127,22,2022-04-25
16373,554,831,109,2022-04-25
16374,231,424,41,2022-04-25
16401,715,1238,89,2022-04-25
16402,84,165,16,2022-04-25
16403,1784,3039,222,2022-04-25
16404,490,835,55,2022-04-25
16405,85,190,14,2022-04-25
16406,586,1473,247,2022-04-25
16407,1782,3295,256,2022-04-25
16410,328,522,47,2022-04-25
16411,250,417,27,2022-04-25
16412,1841,3617,288,2022-04-25
16415,1582,3929,266,2022-04-25
16417,1633,2776,340,2022-04-25
16420,101,203,16,2022-04-25
16421,476,750,50,2022-04-25
16423,726,1445,121,2022-04-25
16424,683,1395,189,2022-04-25
16426,747,1293,95,2022-04-25
16428,2321,4113,223,2022-04-25
16430,8,39,-1,2022-04-25
16433,991,1960,312,2022-04-25
16434,295,525,45,2022-04-25
16435,265,557,74,2022-04-25
16436,102,168,22,2022-04-25
16438,1201,2239,179,2022-04-25
16440,123,294,32,2022-04-25
16441,1907,3291,293,2022-04-25
16442,480,831,67,2022-04-25
16443,261,407,20,2022-04-25
16444,62,366,32,2022-04-25
16501,345,891,21,2022-04-25
16502,3105,6040,398,2022-04-25
16503,2916,5736,385,2022-04-25
16504,3083,5870,415,2022-04-25
16505,2752,6833,348,2022-04-25
16506,4362,10079,544,2022-04-25
16507,1708,3423,182,2022-04-25
16508,2803,6244,449,2022-04-25
16509,4915,12386,958,2022-04-25
16510,4564,9260,586,2022-04-25
16511,2225,4547,255,2022-04-25
16565,-1,65,0,2022-04-25
16601,6192,11797,1453,2022-04-25
16602,5262,10212,1344,2022-04-25
16611,421,793,82,2022-04-25
16613,254,485,74,2022-04-25
16616,23,37,10,2022-04-25
16617,568,927,106,2022-04-25
16620,73,136,19,2022-04-25
16621,135,214,35,2022-04-25
16622,47,70,12,2022-04-25
16623,74,177,30,2022-04-25
16625,562,1068,239,2022-04-25
16627,292,571,115,2022-04-25
16630,704,1584,310,2022-04-25
16634,56,102,10,2022-04-25
16635,2020,4803,524,2022-04-25
16636,139,232,40,2022-04-25
16637,428,782,142,2022-04-25
16639,159,276,52,2022-04-25
16640,156,364,69,2022-04-25
16641,435,844,165,2022-04-25
16645,20,48,5,2022-04-25
16646,468,877,141,2022-04-25
16647,124,268,37,2022-04-25
16648,3097,6313,809,2022-04-25
16650,266,462,93,2022-04-25
16651,581,1135,132,2022-04-25
16652,3606,10671,612,2022-04-25
16655,243,387,155,2022-04-25
16656,216,297,72,2022-04-25
16657,215,462,43,2022-04-25
16659,39,71,16,2022-04-25
16661,160,313,32,2022-04-25
16662,800,1912,296,2022-04-25
16664,228,440,79,2022-04-25
16666,577,980,114,2022-04-25
16667,213,355,108,2022-04-25
16668,600,1154,212,2022-04-25
16669,395,828,86,2022-04-25
16670,19,59,5,2022-04-25
16671,111,179,18,2022-04-25
16673,779,1646,262,2022-04-25
16674,114,195,44,2022-04-25
16678,475,857,127,2022-04-25
16679,147,242,35,2022-04-25
16680,99,141,8,2022-04-25
16682,33,57,15,2022-04-25
16683,48,175,10,2022-04-25
16685,52,88,19,2022-04-25
16686,2810,5720,471,2022-04-25
16689,49,128,65,2022-04-25
16691,52,102,31,2022-04-25
16692,103,257,37,2022-04-25
16693,819,1631,178,2022-04-25
16695,135,270,53,2022-04-25
16701,2481,5955,718,2022-04-25
16720,192,319,41,2022-04-25
16724,18,36,-1,2022-04-25
16726,69,166,24,2022-04-25
16727,45,115,10,2022-04-25
16729,108,228,27,2022-04-25
16731,377,701,79,2022-04-25
16732,37,127,10,2022-04-25
16734,41,45,14,2022-04-25
16735,991,1400,269,2022-04-25
16738,260,1147,361,2022-04-25
16740,151,272,45,2022-04-25
16743,740,1269,70,2022-04-25
16744,48,76,13,2022-04-25
16745,81,149,25,2022-04-25
16746,221,374,17,2022-04-25
16748,460,660,75,2022-04-25
16749,685,1381,155,2022-04-25
16750,56,121,8,2022-04-25
16801,8697,23957,1232,2022-04-25
16802,1862,5029,293,2022-04-25
16803,3301,15242,685,2022-04-25
16820,194,383,26,2022-04-25
16821,78,119,15,2022-04-25
16822,527,720,36,2022-04-25
16823,6254,15569,575,2022-04-25
16827,748,3038,102,2022-04-25
16828,798,1985,82,2022-04-25
16829,183,224,25,2022-04-25
16830,2674,4927,718,2022-04-25
16832,90,164,9,2022-04-25
16833,985,1716,310,2022-04-25
16836,203,321,26,2022-04-25
16837,29,68,8,2022-04-25
16838,242,500,144,2022-04-25
16839,117,139,16,2022-04-25
16840,89,191,9,2022-04-25
16841,1090,1821,100,2022-04-25
16844,543,1066,53,2022-04-25
16845,521,542,35,2022-04-25
16850,16,19,-1,2022-04-25
16852,49,123,5,2022-04-25
16854,182,401,15,2022-04-25
16858,733,1309,148,2022-04-25
16859,98,179,6,2022-04-25
16860,61,128,16,2022-04-25
16861,57,89,14,2022-04-25
16863,130,220,29,2022-04-25
16864,20,25,0,2022-04-25
16865,228,849,22,2022-04-25
16866,2102,7154,298,2022-04-25
16870,1304,3877,171,2022-04-25
16871,9,14,-1,2022-04-25
16872,170,351,16,2022-04-25
16874,280,526,38,2022-04-25
16875,652,1586,74,2022-04-25
16876,48,110,8,2022-04-25
16877,299,689,29,2022-04-25
16878,375,605,79,2022-04-25
16879,88,145,12,2022-04-25
16881,386,633,111,2022-04-25
16882,40,126,5,2022-04-25
16901,1574,3481,505,2022-04-25
16912,303,602,199,2022-04-25
16914,461,842,52,2022-04-25
16915,1173,1983,116,2022-04-25
16917,202,417,80,2022-04-25
16920,285,672,121,2022-04-25
16921,78,149,14,2022-04-25
16922,212,535,42,2022-04-25
16923,197,280,14,2022-04-25
16925,695,1201,79,2022-04-25
16926,133,295,20,2022-04-25
16927,70,127,15,2022-04-25
16928,196,355,47,2022-04-25
16929,363,777,104,2022-04-25
16930,152,315,71,2022-04-25
16932,107,199,34,2022-04-25
16933,779,1787,307,2022-04-25
16935,177,312,57,2022-04-25
16936,398,684,58,2022-04-25
16937,25,43,5,2022-04-25
16938,87,194,22,2022-04-25
16939,6,32,10,2022-04-25
16940,30,51,7,2022-04-25
16941,11,11,0,2022-04-25
16942,109,249,28,2022-04-25
16943,51,143,11,2022-04-25
16946,443,855,84,2022-04-25
16947,1066,1970,180,2022-04-25
16948,205,385,20,2022-04-25
16950,473,950,140,2022-04-25
17002,76,123,-1,2022-04-25
17003,2310,4656,365,2022-04-25
17004,797,1391,38,2022-04-25
17005,36,96,7,2022-04-25
17006,120,267,18,2022-04-25
17007,862,2226,203,2022-04-25
17009,533,731,18,2022-04-25
17011,5736,16503,1731,2022-04-25
17013,5919,16972,1605,2022-04-25
17014,32,57,-1,2022-04-25
17015,3464,8475,890,2022-04-25
17017,230,510,32,2022-04-25
17018,611,1479,180,2022-04-25
17019,2867,6508,1024,2022-04-25
17020,1417,2813,442,2022-04-25
17021,140,275,21,2022-04-25
17022,6194,14578,760,2022-04-25
17023,419,888,73,2022-04-25
17024,277,531,67,2022-04-25
17025,2678,6981,884,2022-04-25
17026,701,1366,108,2022-04-25
17028,584,1381,112,2022-04-25
17029,100,137,-1,2022-04-25
17030,95,212,12,2022-04-25
17032,1205,2215,298,2022-04-25
17033,3037,9053,485,2022-04-25
17034,488,1000,91,2022-04-25
17035,143,234,6,2022-04-25
17036,3725,11262,756,2022-04-25
17037,130,246,19,2022-04-25
17038,1758,2995,277,2022-04-25
17040,359,789,97,2022-04-25
17042,9747,20755,1633,2022-04-25
17043,836,2464,329,2022-04-25
17044,5913,8702,236,2022-04-25
17045,467,895,115,2022-04-25
17046,8189,15673,1031,2022-04-25
17047,414,772,66,2022-04-25
17048,596,1090,62,2022-04-25
17049,613,930,55,2022-04-25
17050,5697,18553,2047,2022-04-25
17051,956,1495,91,2022-04-25
17052,267,538,91,2022-04-25
17053,718,1768,254,2022-04-25
17055,6208,19699,2198,2022-04-25
17057,4410,10225,742,2022-04-25
17058,418,701,74,2022-04-25
17059,1597,2619,101,2022-04-25
17060,189,357,35,2022-04-25
17061,991,2081,195,2022-04-25
17062,558,1104,112,2022-04-25
17063,677,1137,31,2022-04-25
17064,125,437,17,2022-04-25
17065,681,1473,183,2022-04-25
17066,1035,1824,247,2022-04-25
17067,2760,5514,412,2022-04-25
17068,667,1527,217,2022-04-25
17070,2506,6393,802,2022-04-25
17071,-1,-1,0,2022-04-25
17073,956,1917,171,2022-04-25
17074,1038,2180,231,2022-04-25
17076,10,25,-1,2022-04-25
17078,4333,10306,668,2022-04-25
17080,40,92,6,2022-04-25
17082,675,1036,31,2022-04-25
17084,934,1543,48,2022-04-25
17086,430,643,68,2022-04-25
17087,515,920,82,2022-04-25
17090,751,1644,228,2022-04-25
17094,408,767,29,2022-04-25
17097,86,129,-1,2022-04-25
17098,361,746,51,2022-04-25
17099,351,491,5,2022-04-25
17101,419,1794,58,2022-04-25
17102,1419,4121,235,2022-04-25
17103,2347,5034,338,2022-04-25
17104,3557,7670,452,2022-04-25
17109,4383,9812,1021,2022-04-25
17110,4847,11682,843,2022-04-25
17111,6570,16471,1414,2022-04-25
17112,5373,14841,1697,2022-04-25
17113,2070,4395,336,2022-04-25
17120,-1,8,0,2022-04-25
17201,6189,13213,1483,2022-04-25
17202,6355,11615,1578,2022-04-25
17211,42,118,16,2022-04-25
17212,119,240,71,2022-04-25
17213,69,175,31,2022-04-25
17214,238,446,26,2022-04-25
17215,51,114,37,2022-04-25
17217,21,38,-1,2022-04-25
17219,63,110,16,2022-04-25
17220,93,140,14,2022-04-25
17221,128,229,40,2022-04-25
17222,2206,4407,501,2022-04-25
17223,56,131,33,2022-04-25
17224,262,589,131,2022-04-25
17225,4628,7407,605,2022-04-25
17228,142,381,169,2022-04-25
17229,144,439,171,2022-04-25
17232,18,34,-1,2022-04-25
17233,736,1985,826,2022-04-25
17236,1573,3571,493,2022-04-25
17237,427,730,57,2022-04-25
17238,271,630,194,2022-04-25
17239,39,63,20,2022-04-25
17240,437,798,122,2022-04-25
17241,1628,3755,518,2022-04-25
17243,362,536,140,2022-04-25
17244,406,668,96,2022-04-25
17246,33,77,8,2022-04-25
17252,724,1342,173,2022-04-25
17255,163,338,92,2022-04-25
17257,4625,8698,1081,2022-04-25
17260,274,390,67,2022-04-25
17262,155,284,46,2022-04-25
17264,391,775,189,2022-04-25
17265,84,135,13,2022-04-25
17266,66,157,23,2022-04-25
17267,518,1005,220,2022-04-25
17268,7281,12230,869,2022-04-25
17271,68,150,30,2022-04-25
17301,862,1709,255,2022-04-25
17302,518,1112,75,2022-04-25
17304,661,1313,105,2022-04-25
17307,1133,2316,173,2022-04-25
17309,376,698,69,2022-04-25
17313,2604,5128,425,2022-04-25
17314,896,2235,76,2022-04-25
17315,6076,10693,925,2022-04-25
17316,1505,3128,410,2022-04-25
17319,1904,4074,466,2022-04-25
17320,1706,3553,167,2022-04-25
17321,373,913,38,2022-04-25
17322,1257,2335,227,2022-04-25
17324,739,1472,198,2022-04-25
17325,5518,16015,640,2022-04-25
17327,1445,3240,220,2022-04-25
17329,460,918,136,2022-04-25
17331,10315,23298,2897,2022-04-25
17339,1055,2458,314,2022-04-25
17340,2268,4722,388,2022-04-25
17344,787,1371,179,2022-04-25
17345,1840,3313,372,2022-04-25
17347,1477,2875,293,2022-04-25
17349,1533,4065,239,2022-04-25
17350,2760,5724,700,2022-04-25
17352,241,511,33,2022-04-25
17353,660,1391,92,2022-04-25
17356,5584,10196,826,2022-04-25
17360,1368,2891,229,2022-04-25
17361,1267,3192,173,2022-04-25
17362,2577,5365,795,2022-04-25
17363,1931,4211,247,2022-04-25
17364,780,1492,166,2022-04-25
17365,481,892,93,2022-04-25
17366,1287,2318,245,2022-04-25
17368,1590,3246,316,2022-04-25
17370,1271,2406,281,2022-04-25
17372,754,1419,193,2022-04-25
17401,5186,9529,453,2022-04-25
17402,9550,21614,2163,2022-04-25
17403,10116,20334,1400,2022-04-25
17404,9282,18074,1530,2022-04-25
17406,4934,10411,1042,2022-04-25
17407,517,1087,76,2022-04-25
17408,5374,11008,1001,2022-04-25
17501,1023,2138,154,2022-04-25
17502,552,1032,44,2022-04-25
17505,144,385,23,2022-04-25
17509,572,1393,107,2022-04-25
17512,3809,8758,654,2022-04-25
17516,752,1807,172,2022-04-25
17517,3056,5850,583,2022-04-25
17518,107,371,16,2022-04-25
17519,1007,1938,140,2022-04-25
17520,968,2227,139,2022-04-25
17522,6832,13761,1072,2022-04-25
17527,874,1967,122,2022-04-25
17529,375,1032,61,2022-04-25
17532,491,1177,74,2022-04-25
17535,315,735,39,2022-04-25
17536,331,795,41,2022-04-25
17538,1266,3422,206,2022-04-25
17540,1915,4072,288,2022-04-25
17543,8509,21659,1214,2022-04-25
17545,4147,9100,507,2022-04-25
17547,1832,3603,187,2022-04-25
17550,240,450,15,2022-04-25
17551,1600,4087,383,2022-04-25
17552,4152,9284,432,2022-04-25
17554,1638,3768,303,2022-04-25
17555,750,1959,157,2022-04-25
17557,2363,5856,305,2022-04-25
17560,812,1869,97,2022-04-25
17562,551,1219,60,2022-04-25
17563,565,1216,38,2022-04-25
17565,355,993,93,2022-04-25
17566,1978,4302,249,2022-04-25
17569,1144,2426,245,2022-04-25
17572,386,976,58,2022-04-25
17576,26,86,11,2022-04-25
17578,1186,2298,213,2022-04-25
17579,1018,2312,171,2022-04-25
17581,220,407,41,2022-04-25
17582,367,841,81,2022-04-25
17584,1789,4641,401,2022-04-25
17601,9965,27796,2073,2022-04-25
17602,12051,28986,2073,2022-04-25
17603,14133,35109,2469,2022-04-25
17701,8423,16383,2039,2022-04-25
17702,1972,3240,372,2022-04-25
17721,277,384,17,2022-04-25
17723,8,19,0,2022-04-25
17724,795,1673,142,2022-04-25
17727,9,17,-1,2022-04-25
17728,880,1476,166,2022-04-25
17729,18,28,7,2022-04-25
17731,26,130,-1,2022-04-25
17737,1450,1994,178,2022-04-25
17740,3072,4214,287,2022-04-25
17742,14,35,-1,2022-04-25
17744,550,914,88,2022-04-25
17745,4078,6669,260,2022-04-25
17747,478,739,32,2022-04-25
17751,1612,2380,88,2022-04-25
17752,920,1441,157,2022-04-25
17754,2393,4150,568,2022-04-25
17756,3048,6047,282,2022-04-25
17758,147,295,23,2022-04-25
17760,61,142,65,2022-04-25
17763,26,69,-1,2022-04-25
17764,246,511,282,2022-04-25
17765,166,342,40,2022-04-25
17768,47,87,10,2022-04-25
17771,458,790,109,2022-04-25
17772,382,786,48,2022-04-25
17774,215,328,22,2022-04-25
17776,49,80,-1,2022-04-25
17777,1268,2023,204,2022-04-25
17778,7,24,-1,2022-04-25
17801,3915,6221,484,2022-04-25
17810,324,1282,91,2022-04-25
17812,286,465,48,2022-04-25
17813,428,833,81,2022-04-25
17814,782,1665,117,2022-04-25
17815,5615,10794,523,2022-04-25
17820,1175,2156,52,2022-04-25
17821,4022,8425,330,2022-04-25
17823,206,312,14,2022-04-25
17824,867,1534,43,2022-04-25
17827,170,250,24,2022-04-25
17830,372,609,39,2022-04-25
17832,136,242,5,2022-04-25
17834,898,1327,54,2022-04-25
17835,10,22,5,2022-04-25
17836,25,55,5,2022-04-25
17837,3354,14503,438,2022-04-25
17840,66,99,0,2022-04-25
17841,961,1340,53,2022-04-25
17842,1628,2488,295,2022-04-25
17844,1615,2801,323,2022-04-25
17845,435,885,69,2022-04-25
17846,889,1364,46,2022-04-25
17847,2402,3954,353,2022-04-25
17850,104,189,18,2022-04-25
17851,1933,2859,104,2022-04-25
17853,447,738,81,2022-04-25
17855,163,313,52,2022-04-25
17856,645,996,129,2022-04-25
17857,1746,4154,320,2022-04-25
17859,660,1243,45,2022-04-25
17860,500,825,39,2022-04-25
17864,279,499,38,2022-04-25
17866,2506,6338,128,2022-04-25
17867,25,31,0,2022-04-25
17868,100,178,-1,2022-04-25
17870,2675,6195,564,2022-04-25
17872,2185,3714,147,2022-04-25
17876,331,639,61,2022-04-25
17877,-1,6,0,2022-04-25
17878,290,609,53,2022-04-25
17881,334,501,35,2022-04-25
17886,186,278,35,2022-04-25
17888,58,111,5,2022-04-25
17889,457,1008,105,2022-04-25
17901,5206,9775,665,2022-04-25
17921,1314,2311,132,2022-04-25
17922,1015,1748,151,2022-04-25
17923,60,118,6,2022-04-25
17925,89,141,12,2022-04-25
17929,456,515,51,2022-04-25
17930,92,158,13,2022-04-25
17931,1480,3073,208,2022-04-25
17934,54,108,8,2022-04-25
17935,309,592,44,2022-04-25
17938,455,793,68,2022-04-25
17941,146,226,15,2022-04-25
17948,883,1759,90,2022-04-25
17954,1063,2961,115,2022-04-25
17957,54,104,11,2022-04-25
17959,269,483,31,2022-04-25
17960,860,1340,55,2022-04-25
17961,1451,2741,258,2022-04-25
17963,1532,3091,295,2022-04-25
17964,113,231,27,2022-04-25
17965,465,746,58,2022-04-25
17967,406,896,64,2022-04-25
17968,61,91,-1,2022-04-25
17970,603,1172,89,2022-04-25
17972,2686,4434,297,2022-04-25
17974,53,111,11,2022-04-25
17976,1400,2669,143,2022-04-25
17978,26,94,8,2022-04-25
17980,634,1027,86,2022-04-25
17981,583,895,160,2022-04-25
17983,269,431,35,2022-04-25
17985,261,442,28,2022-04-25
18011,1176,2604,114,2022-04-25
18013,3764,7536,181,2022-04-25
18014,2360,4937,157,2022-04-25
18015,8437,18176,597,2022-04-25
18017,8689,20060,826,2022-04-25
18018,7004,15845,755,2022-04-25
18020,4524,10293,363,2022-04-25
18031,2419,5730,131,2022-04-25
18032,2271,4107,184,2022-04-25
18034,1673,4729,133,2022-04-25
18035,52,116,-1,2022-04-25
18036,2763,6458,199,2022-04-25
18037,1719,3131,105,2022-04-25
18038,658,1198,35,2022-04-25
18040,3396,9018,326,2022-04-25
18041,1071,2362,98,2022-04-25
18042,9993,22082,1321,2022-04-25
18045,6276,15354,637,2022-04-25
18049,3757,8696,316,2022-04-25
18051,667,1584,43,2022-04-25
18052,7614,13696,542,2022-04-25
18053,529,912,48,2022-04-25
18054,759,2165,79,2022-04-25
18055,2377,5797,166,2022-04-25
18056,185,403,11,2022-04-25
18058,2184,3687,60,2022-04-25
18059,227,583,5,2022-04-25
18062,5137,12273,360,2022-04-25
18063,84,184,-1,2022-04-25
18064,6077,12838,423,2022-04-25
18066,1252,2416,74,2022-04-25
18067,4363,8522,365,2022-04-25
18069,1579,4073,118,2022-04-25
18070,177,320,14,2022-04-25
18071,2791,4421,73,2022-04-25
18072,1449,2844,64,2022-04-25
18073,2034,5350,336,2022-04-25
18074,816,2421,153,2022-04-25
18076,542,1267,46,2022-04-25
18077,345,1007,35,2022-04-25
18078,1298,3274,99,2022-04-25
18080,2647,4761,154,2022-04-25
18083,135,222,5,2022-04-25
18085,154,358,10,2022-04-25
18087,221,422,17,2022-04-25
18088,2042,3578,91,2022-04-25
18091,1242,2631,49,2022-04-25
18092,573,1385,40,2022-04-25
18101,1215,2554,63,2022-04-25
18102,15100,27657,613,2022-04-25
18103,12161,24270,812,2022-04-25
18104,10044,23745,979,2022-04-25
18106,1596,3927,136,2022-04-25
18109,5596,10250,319,2022-04-25
18201,8027,13650,519,2022-04-25
18202,3174,5965,299,2022-04-25
18210,1758,3586,54,2022-04-25
18211,289,475,10,2022-04-25
18214,402,842,51,2022-04-25
18216,288,528,21,2022-04-25
18218,539,1007,23,2022-04-25
18219,247,549,24,2022-04-25
18220,40,106,6,2022-04-25
18222,1836,3881,274,2022-04-25
18224,1280,2620,195,2022-04-25
18225,29,61,-1,2022-04-25
18229,1655,3525,58,2022-04-25
18230,13,44,-1,2022-04-25
18232,962,1920,38,2022-04-25
18235,4669,7600,173,2022-04-25
18237,727,1459,64,2022-04-25
18240,798,1748,42,2022-04-25
18245,35,90,-1,2022-04-25
18246,29,46,-1,2022-04-25
18248,105,200,12,2022-04-25
18249,722,1609,84,2022-04-25
18250,711,1343,35,2022-04-25
18252,2623,4494,144,2022-04-25
18254,161,328,8,2022-04-25
18255,1041,1897,86,2022-04-25
18301,6404,13207,218,2022-04-25
18302,3753,8513,134,2022-04-25
18321,369,820,7,2022-04-25
18322,615,1146,14,2022-04-25
18324,1851,4716,93,2022-04-25
18325,402,1100,19,2022-04-25
18326,861,2085,27,2022-04-25
18327,139,361,-1,2022-04-25
18328,1248,3336,151,2022-04-25
18330,2094,3853,46,2022-04-25
18331,155,315,-1,2022-04-25
18332,619,1369,16,2022-04-25
18333,150,306,-1,2022-04-25
18334,878,1828,20,2022-04-25
18336,626,1292,112,2022-04-25
18337,2502,6172,390,2022-04-25
18340,19,60,5,2022-04-25
18343,712,1726,33,2022-04-25
18344,814,1875,31,2022-04-25
18346,697,1316,22,2022-04-25
18347,441,1289,15,2022-04-25
18350,228,920,8,2022-04-25
18352,60,216,-1,2022-04-25
18353,2541,5025,66,2022-04-25
18354,215,502,6,2022-04-25
18355,233,660,9,2022-04-25
18360,6525,14166,183,2022-04-25
18370,209,496,5,2022-04-25
18371,178,388,7,2022-04-25
18372,515,1343,12,2022-04-25
18403,1136,2888,255,2022-04-25
18405,392,840,72,2022-04-25
18407,2464,6065,576,2022-04-25
18411,3130,10271,683,2022-04-25
18414,720,2333,131,2022-04-25
18415,132,376,45,2022-04-25
18417,137,1107,23,2022-04-25
18419,688,1668,149,2022-04-25
18421,774,1747,187,2022-04-25
18424,789,2268,149,2022-04-25
18425,201,690,41,2022-04-25
18426,522,1741,131,2022-04-25
18427,41,154,19,2022-04-25
18428,1677,5569,386,2022-04-25
18430,9,28,-1,2022-04-25
18431,1954,5478,426,2022-04-25
18433,944,2505,208,2022-04-25
18434,580,1601,159,2022-04-25
18435,119,449,39,2022-04-25
18436,1897,5554,539,2022-04-25
18437,30,86,9,2022-04-25
18438,128,458,28,2022-04-25
18439,71,321,15,2022-04-25
18441,36,69,-1,2022-04-25
18443,60,169,12,2022-04-25
18444,1836,5302,456,2022-04-25
18445,290,893,65,2022-04-25
18446,640,1208,96,2022-04-25
18447,1420,4146,350,2022-04-25
18451,41,201,10,2022-04-25
18452,864,2100,240,2022-04-25
18453,122,365,28,2022-04-25
18455,-1,46,5,2022-04-25
18456,52,148,16,2022-04-25
18458,441,1093,81,2022-04-25
18460,24,86,-1,2022-04-25
18461,27,91,14,2022-04-25
18462,68,148,11,2022-04-25
18463,30,73,7,2022-04-25
18464,187,636,40,2022-04-25
18465,229,472,19,2022-04-25
18466,3810,7694,101,2022-04-25
18469,56,155,13,2022-04-25
18470,243,816,49,2022-04-25
18471,70,351,18,2022-04-25
18472,1761,3942,195,2022-04-25
18503,290,930,59,2022-04-25
18504,3645,9101,799,2022-04-25
18505,3806,9106,853,2022-04-25
18507,871,2463,154,2022-04-25
18508,2039,5083,434,2022-04-25
18509,2051,6638,547,2022-04-25
18510,2743,7931,476,2022-04-25
18512,1710,5010,511,2022-04-25
18517,936,2481,188,2022-04-25
18518,1459,3705,259,2022-04-25
18519,809,2269,166,2022-04-25
18603,4211,7351,449,2022-04-25
18610,1072,2193,39,2022-04-25
18612,4146,9386,322,2022-04-25
18614,326,899,60,2022-04-25
18615,273,714,36,2022-04-25
18616,142,239,30,2022-04-25
18617,328,727,36,2022-04-25
18618,670,1541,45,2022-04-25
18619,28,64,-1,2022-04-25
18621,787,2506,119,2022-04-25
18622,40,109,9,2022-04-25
18623,489,996,102,2022-04-25
18624,89,358,-1,2022-04-25
18628,37,96,5,2022-04-25
18629,227,632,37,2022-04-25
18630,498,1135,81,2022-04-25
18631,190,369,31,2022-04-25
18632,55,133,5,2022-04-25
18634,2674,6075,318,2022-04-25
18635,871,1437,80,2022-04-25
18636,248,546,46,2022-04-25
18640,3362,7863,331,2022-04-25
18641,1196,2712,126,2022-04-25
18642,817,1899,80,2022-04-25
18643,2415,5425,271,2022-04-25
18644,1320,3310,168,2022-04-25
18651,1798,4064,252,2022-04-25
18655,1003,2303,163,2022-04-25
18656,417,897,32,2022-04-25
18657,1836,4494,326,2022-04-25
18660,636,1364,65,2022-04-25
18661,922,2360,88,2022-04-25
18701,343,970,51,2022-04-25
18702,8804,19463,896,2022-04-25
18704,6062,15011,678,2022-04-25
18705,2952,6334,308,2022-04-25
18706,3104,7757,419,2022-04-25
18707,3141,7269,291,2022-04-25
18708,1525,4251,161,2022-04-25
18709,532,1152,66,2022-04-25
18801,1559,3327,137,2022-04-25
18810,1985,3123,102,2022-04-25
18812,183,449,19,2022-04-25
18817,39,79,-1,2022-04-25
18818,166,317,32,2022-04-25
18821,220,321,16,2022-04-25
18822,633,1123,45,2022-04-25
18823,45,86,-1,2022-04-25
18824,200,452,23,2022-04-25
18825,41,37,-1,2022-04-25
18826,310,640,35,2022-04-25
18828,55,116,-1,2022-04-25
18829,164,283,25,2022-04-25
18830,100,207,14,2022-04-25
18831,294,469,15,2022-04-25
18832,327,611,48,2022-04-25
18833,342,699,55,2022-04-25
18834,621,1242,51,2022-04-25
18837,643,1119,63,2022-04-25
18840,3009,5228,146,2022-04-25
18842,43,85,-1,2022-04-25
18844,288,622,31,2022-04-25
18845,59,128,9,2022-04-25
18846,140,299,16,2022-04-25
18847,1158,1645,58,2022-04-25
18848,1688,3498,339,2022-04-25
18850,579,905,52,2022-04-25
18851,136,253,10,2022-04-25
18853,786,1700,124,2022-04-25
18854,273,561,34,2022-04-25
18901,4008,17149,945,2022-04-25
18902,2866,11771,487,2022-04-25
18913,26,261,10,2022-04-25
18914,2945,11141,745,2022-04-25
18915,241,906,51,2022-04-25
18917,437,1017,65,2022-04-25
18920,62,330,9,2022-04-25
18923,179,584,22,2022-04-25
18925,848,3556,149,2022-04-25
18927,38,152,8,2022-04-25
18929,1361,4708,216,2022-04-25
18930,347,1165,39,2022-04-25
18932,96,294,21,2022-04-25
18933,9,126,-1,2022-04-25
18934,15,144,-1,2022-04-25
18936,184,675,59,2022-04-25
18938,1500,7876,231,2022-04-25
18940,4309,19062,779,2022-04-25
18942,480,1478,70,2022-04-25
18944,4256,12283,670,2022-04-25
18947,852,3024,118,2022-04-25
18951,7233,16197,750,2022-04-25
18954,1520,5235,340,2022-04-25
18955,426,862,68,2022-04-25
18960,2272,6292,355,2022-04-25
18964,2466,7022,469,2022-04-25
18966,5999,19238,1306,2022-04-25
18969,2760,7585,458,2022-04-25
18972,345,1343,31,2022-04-25
18974,6545,20838,1182,2022-04-25
18976,3264,11566,428,2022-04-25
18977,468,2564,96,2022-04-25
19001,2769,9450,539,2022-04-25
19002,4226,19196,823,2022-04-25
19003,1757,8882,244,2022-04-25
19004,1859,10910,194,2022-04-25
19006,3904,12392,682,2022-04-25
19007,3792,10062,818,2022-04-25
19008,3660,10676,620,2022-04-25
19009,117,617,53,2022-04-25
19010,2518,15223,547,2022-04-25
19012,966,3407,147,2022-04-25
19013,6833,18552,666,2022-04-25
19014,3773,10468,568,2022-04-25
19015,2789,8082,604,2022-04-25
19018,3876,11535,733,2022-04-25
19020,10115,27733,1537,2022-04-25
19021,1789,4530,298,2022-04-25
19022,716,1798,119,2022-04-25
19023,4169,10667,393,2022-04-25
19025,814,3902,98,2022-04-25
19026,5235,15694,908,2022-04-25
19027,2669,10877,383,2022-04-25
19029,740,1900,117,2022-04-25
19030,2255,6204,540,2022-04-25
19031,778,3387,163,2022-04-25
19032,1278,3309,163,2022-04-25
19033,1354,3679,262,2022-04-25
19034,920,4075,156,2022-04-25
19035,535,3442,71,2022-04-25
19036,2360,6291,377,2022-04-25
19038,4504,18170,881,2022-04-25
19040,3212,10887,593,2022-04-25
19041,735,4766,84,2022-04-25
19043,490,1352,116,2022-04-25
19044,2228,8069,443,2022-04-25
19046,2685,11026,473,2022-04-25
19047,5731,18951,1375,2022-04-25
19050,5135,15299,525,2022-04-25
19053,4629,13753,1234,2022-04-25
19054,3115,8522,800,2022-04-25
19055,2541,6620,653,2022-04-25
19056,2916,7509,673,2022-04-25
19057,3107,8008,756,2022-04-25
19060,1969,6543,267,2022-04-25
19061,3975,10081,439,2022-04-25
19063,5689,21253,1001,2022-04-25
19064,4201,12902,876,2022-04-25
19066,892,4692,102,2022-04-25
19067,7302,29601,1627,2022-04-25
19070,1194,3647,248,2022-04-25
19072,1047,7081,177,2022-04-25
19073,3101,12904,568,2022-04-25
19074,1046,2711,216,2022-04-25
19075,937,4226,206,2022-04-25
19076,1291,3066,258,2022-04-25
19078,1979,5546,361,2022-04-25
19079,1767,4646,176,2022-04-25
19081,1203,6256,447,2022-04-25
19082,6868,20654,618,2022-04-25
19083,5379,20084,844,2022-04-25
19085,969,5831,168,2022-04-25
19086,1826,7085,364,2022-04-25
19087,3684,20643,1080,2022-04-25
19090,3470,10889,588,2022-04-25
19094,901,2211,143,2022-04-25
19095,1208,4266,293,2022-04-25
19096,1660,10447,195,2022-04-25
19102,893,4625,145,2022-04-25
19103,3653,18180,383,2022-04-25
19104,11864,34187,564,2022-04-25
19106,1896,8606,269,2022-04-25
19107,2315,10404,177,2022-04-25
19111,11754,30399,1498,2022-04-25
19112,18,85,-1,2022-04-25
19113,7,65,0,2022-04-25
19114,5816,14525,735,2022-04-25
19115,7008,17085,925,2022-04-25
19116,6934,16156,1074,2022-04-25
19118,1116,6773,181,2022-04-25
19119,3821,16141,544,2022-04-25
19120,11512,30708,1204,2022-04-25
19121,6571,18682,544,2022-04-25
19122,4872,12134,370,2022-04-25
19123,3148,11021,332,2022-04-25
19124,13073,33930,1396,2022-04-25
19125,4068,15091,437,2022-04-25
19126,3050,8185,404,2022-04-25
19127,916,3665,196,2022-04-25
19128,5091,19793,1101,2022-04-25
19129,1605,6194,234,2022-04-25
19130,3958,17612,605,2022-04-25
19131,7611,24556,904,2022-04-25
19132,5744,17226,454,2022-04-25
19133,4976,13360,355,2022-04-25
19134,10342,29556,966,2022-04-25
19135,6332,15788,774,2022-04-25
19136,9452,29512,1081,2022-04-25
19137,1405,3756,187,2022-04-25
19138,5384,15250,709,2022-04-25
19139,8559,24446,654,2022-04-25
19140,9559,28045,720,2022-04-25
19141,5189,14579,561,2022-04-25
19142,5443,14802,432,2022-04-25
19143,11602,36473,957,2022-04-25
19144,7165,23660,779,2022-04-25
19145,9233,23934,751,2022-04-25
19146,6730,26059,666,2022-04-25
19147,5436,23242,583,2022-04-25
19148,9486,26006,782,2022-04-25
19149,9127,25115,1149,2022-04-25
19150,4011,11723,493,2022-04-25
19151,5755,15612,643,2022-04-25
19152,7090,16611,710,2022-04-25
19153,2213,6495,176,2022-04-25
19154,6689,16520,984,2022-04-25
19301,825,4639,237,2022-04-25
19310,475,1149,67,2022-04-25
19311,1461,4590,305,2022-04-25
19312,1319,7666,441,2022-04-25
19317,1374,6354,222,2022-04-25
19319,35,165,9,2022-04-25
19320,8618,24375,2285,2022-04-25
19330,898,2388,168,2022-04-25
19333,812,4906,281,2022-04-25
19335,6880,28309,2448,2022-04-25
19341,2324,11317,878,2022-04-25
19342,2971,11239,463,2022-04-25
19343,1033,4127,439,2022-04-25
19344,1835,5317,498,2022-04-25
19345,6,22,0,2022-04-25
19348,3260,12824,780,2022-04-25
19350,1517,6001,282,2022-04-25
19352,1426,4865,274,2022-04-25
19355,3708,19462,1012,2022-04-25
19362,854,2315,134,2022-04-25
19363,2988,8220,516,2022-04-25
19365,1165,3147,282,2022-04-25
19372,364,1228,122,2022-04-25
19373,544,1610,71,2022-04-25
19374,181,512,34,2022-04-25
19380,6717,26871,1597,2022-04-25
19382,7851,29212,1484,2022-04-25
19383,155,232,418,2022-04-25
19390,2387,7404,545,2022-04-25
19401,6799,19228,1692,2022-04-25
19403,6587,24463,1777,2022-04-25
19405,803,2400,247,2022-04-25
19406,3637,15759,1041,2022-04-25
19422,2347,11827,595,2022-04-25
19425,1961,9520,683,2022-04-25
19426,5790,22235,1700,2022-04-25
19428,2695,10743,832,2022-04-25
19435,36,118,19,2022-04-25
19436,26,293,40,2022-04-25
19438,3644,12654,496,2022-04-25
19440,3035,9776,482,2022-04-25
19444,1523,6582,350,2022-04-25
19446,8918,32685,1649,2022-04-25
19453,143,641,60,2022-04-25
19454,3533,15889,834,2022-04-25
19456,45,183,20,2022-04-25
19460,5528,23169,1516,2022-04-25
19462,2318,8867,776,2022-04-25
19464,8159,24759,2839,2022-04-25
19465,2489,8519,1026,2022-04-25
19468,4447,13735,1304,2022-04-25
19473,2440,7750,523,2022-04-25
19475,1704,6203,611,2022-04-25
19477,85,296,12,2022-04-25
19492,158,1037,58,2022-04-25
19501,200,475,39,2022-04-25
19503,222,533,65,2022-04-25
19504,814,2090,217,2022-04-25
19505,489,1428,173,2022-04-25
19506,1254,2665,306,2022-04-25
19507,579,1023,86,2022-04-25
19508,2403,5981,1046,2022-04-25
19510,1466,3218,404,2022-04-25
19512,2516,6521,967,2022-04-25
19518,2624,7280,995,2022-04-25
19520,645,2432,198,2022-04-25
19522,2391,5256,536,2022-04-25
19525,2665,7573,863,2022-04-25
19526,2658,4282,406,2022-04-25
19529,605,1107,28,2022-04-25
19530,2447,5197,184,2022-04-25
19533,1510,3992,472,2022-04-25
19534,438,667,38,2022-04-25
19539,832,1630,70,2022-04-25
19540,1753,4383,657,2022-04-25
19541,844,1504,250,2022-04-25
19543,869,2512,252,2022-04-25
19547,662,1604,242,2022-04-25
19549,68,103,9,2022-04-25
19550,123,234,9,2022-04-25
19551,830,1743,306,2022-04-25
19555,723,1257,152,2022-04-25
19560,1833,3780,545,2022-04-25
19562,528,1203,42,2022-04-25
19565,1610,3460,573,2022-04-25
19567,1018,2120,262,2022-04-25
19601,8313,17383,1585,2022-04-25
19602,4665,9669,752,2022-04-25
19604,6130,12468,1345,2022-04-25
19605,4451,9282,1301,2022-04-25
19606,6291,14488,2402,2022-04-25
19607,4134,9499,1582,2022-04-25
19608,4139,9851,1782,2022-04-25
19609,1853,4166,772,2022-04-25
19610,2332,7566,965,2022-04-25
19611,2536,5199,648,2022-04-25
15001,5637,12280,1359,2022-04-25
15003,2083,4209,436,2022-04-25
15004,37,95,19,2022-04-25
15005,1631,3654,398,2022-04-25
15007,56,151,15,2022-04-25
15009,3556,6292,634,2022-04-25
15010,5447,10857,1141,2022-04-25
15012,2322,5716,1430,2022-04-25
15014,657,1621,152,2022-04-25
15015,201,562,52,2022-04-25
15017,3102,7463,1288,2022-04-25
15018,142,315,56,2022-04-25
15019,223,537,73,2022-04-25
15021,883,2190,465,2022-04-25
15022,1575,3785,768,2022-04-25
15024,1485,3719,469,2022-04-25
15025,3387,7492,907,2022-04-25
15026,669,1513,216,2022-04-25
15027,382,805,110,2022-04-25
15030,191,417,47,2022-04-25
15031,98,211,41,2022-04-25
15032,21,48,5,2022-04-25
15033,675,1726,315,2022-04-25
15034,280,607,81,2022-04-25
15035,383,789,87,2022-04-25
15037,1966,3949,618,2022-04-25
15042,1295,2747,333,2022-04-25
15043,336,619,136,2022-04-25
15044,4281,12356,1539,2022-04-25
15045,882,1742,173,2022-04-25
15046,370,878,188,2022-04-25
15049,167,362,34,2022-04-25
15050,406,776,126,2022-04-25
15051,60,177,17,2022-04-25
15052,673,1096,152,2022-04-25
15053,40,71,15,2022-04-25
15054,60,195,29,2022-04-25
15055,245,577,73,2022-04-25
15056,144,445,47,2022-04-25
15057,2944,7061,1203,2022-04-25
15059,688,1415,160,2022-04-25
15060,145,352,54,2022-04-25
15061,2437,5269,554,2022-04-25
15062,1098,2832,477,2022-04-25
15063,1976,4389,731,2022-04-25
15064,76,150,37,2022-04-25
15065,1931,4099,497,2022-04-25
15066,2201,4448,597,2022-04-25
15067,339,741,130,2022-04-25
15068,6197,14528,1687,2022-04-25
15071,1886,4976,708,2022-04-25
15074,1660,3702,344,2022-04-25
15076,137,356,59,2022-04-25
15077,30,45,-1,2022-04-25
15078,63,163,36,2022-04-25
15082,76,121,25,2022-04-25
15083,153,417,68,2022-04-25
15084,1570,3560,490,2022-04-25
15085,1287,2952,530,2022-04-25
15086,103,411,20,2022-04-25
15089,872,2076,474,2022-04-25
15090,3959,11740,1011,2022-04-25
15101,3565,10615,1200,2022-04-25
15102,4954,12788,1710,2022-04-25
15104,1389,3120,192,2022-04-25
15106,3160,7893,1015,2022-04-25
15108,6962,18873,2768,2022-04-25
15110,1046,2012,133,2022-04-25
15112,585,1339,87,2022-04-25
15116,2228,5630,639,2022-04-25
15120,3476,7246,547,2022-04-25
15122,3839,7804,919,2022-04-25
15126,1132,2880,440,2022-04-25
15129,1807,4312,667,2022-04-25
15131,1545,3088,379,2022-04-25
15132,4350,8459,596,2022-04-25
15133,1356,2347,270,2022-04-25
15135,1061,1774,251,2022-04-25
15136,3963,9321,1110,2022-04-25
15137,1705,3979,459,2022-04-25
15139,1240,4829,263,2022-04-25
15140,495,1170,164,2022-04-25
15142,306,978,122,2022-04-25
15143,3051,10493,853,2022-04-25
15144,663,1532,168,2022-04-25
15145,1193,2839,361,2022-04-25
15146,4973,12941,1578,2022-04-25
15147,2625,6686,653,2022-04-25
15148,427,847,128,2022-04-25
15201,2184,6864,417,2022-04-25
15202,3364,8585,771,2022-04-25
15203,2095,5618,403,2022-04-25
15204,1485,3119,290,2022-04-25
15205,4372,10740,1155,2022-04-25
15206,4903,16759,658,2022-04-25
15207,2011,4763,291,2022-04-25
15208,1542,5055,175,2022-04-25
15209,2026,4855,514,2022-04-25
15210,4436,9489,906,2022-04-25
15211,1975,4681,483,2022-04-25
15212,4929,12576,787,2022-04-25
15213,3396,15164,372,2022-04-25
15214,2378,6029,453,2022-04-25
15215,1682,5918,459,2022-04-25
15216,3745,10176,1041,2022-04-25
15217,4535,18639,428,2022-04-25
15218,2098,6713,322,2022-04-25
15219,2917,8155,1060,2022-04-25
15220,3173,8776,963,2022-04-25
15221,4869,13639,801,2022-04-25
15222,931,4285,199,2022-04-25
15223,1146,2775,335,2022-04-25
15224,1623,5372,242,2022-04-25
15225,146,455,39,2022-04-25
15226,2380,5996,696,2022-04-25
15227,5352,11738,1547,2022-04-25
15228,2706,9249,872,2022-04-25
15229,2287,5592,608,2022-04-25
15231,-1,96,0,2022-04-25
15232,1814,8235,306,2022-04-25
15233,539,1453,67,2022-04-25
15234,2418,6474,857,2022-04-25
15235,5564,14361,1593,2022-04-25
15236,5697,13601,1923,2022-04-25
15237,6958,20303,2010,2022-04-25
15238,1644,6927,459,2022-04-25
15239,3342,8252,1302,2022-04-25
15241,3521,11612,1264,2022-04-25
15243,2276,8043,706,2022-04-25
15260,23,21,0,2022-04-25
15261,45,185,0,2022-04-25
15275,18,119,-1,2022-04-25
15301,8224,21120,3405,2022-04-25
15310,37,77,23,2022-04-25
15311,199,437,106,2022-04-25
15312,491,1160,250,2022-04-25
15313,57,105,34,2022-04-25
15314,531,1342,340,2022-04-25
15317,8506,19904,2944,2022-04-25
15320,763,1719,498,2022-04-25
15321,292,695,132,2022-04-25
15322,260,711,178,2022-04-25
15323,581,1496,338,2022-04-25
15324,104,269,62,2022-04-25
15327,208,463,86,2022-04-25
15329,205,462,134,2022-04-25
15330,867,2097,387,2022-04-25
15331,147,378,83,2022-04-25
15332,1211,2915,519,2022-04-25
15333,282,684,205,2022-04-25
15334,20,43,12,2022-04-25
15337,79,199,48,2022-04-25
15338,275,516,111,2022-04-25
15340,203,514,105,2022-04-25
15341,135,233,57,2022-04-25
15342,942,2065,343,2022-04-25
15344,234,522,177,2022-04-25
15345,204,499,131,2022-04-25
15346,78,233,80,2022-04-25
15347,132,322,49,2022-04-25
15349,225,507,88,2022-04-25
15352,106,253,43,2022-04-25
15353,6,22,5,2022-04-25
15357,216,483,195,2022-04-25
15359,41,94,17,2022-04-25
15360,266,657,158,2022-04-25
15361,20,58,18,2022-04-25
15362,102,236,52,2022-04-25
15363,161,316,44,2022-04-25
15364,95,201,57,2022-04-25
15367,1691,4443,693,2022-04-25
15370,2390,6503,885,2022-04-25
15376,263,626,156,2022-04-25
15377,82,207,56,2022-04-25
15380,71,187,33,2022-04-25
15401,5356,12404,2379,2022-04-25
15410,124,237,44,2022-04-25
15411,88,174,23,2022-04-25
15412,39,127,33,2022-04-25
15413,101,187,53,2022-04-25
15417,1079,2680,644,2022-04-25
15419,341,1063,249,2022-04-25
15423,241,615,143,2022-04-25
15424,309,860,133,2022-04-25
15425,2415,6031,1740,2022-04-25
15427,134,364,88,2022-04-25
15428,222,524,176,2022-04-25
15429,31,96,30,2022-04-25
15431,630,1469,431,2022-04-25
15432,47,181,39,2022-04-25
15433,89,256,76,2022-04-25
15434,45,93,17,2022-04-25
15436,499,914,245,2022-04-25
15437,317,1189,157,2022-04-25
15438,304,699,187,2022-04-25
15440,63,95,32,2022-04-25
15442,300,704,177,2022-04-25
15444,61,180,31,2022-04-25
15445,440,961,226,2022-04-25
15446,35,154,58,2022-04-25
15450,347,1569,44,2022-04-25
15451,116,256,48,2022-04-25
15456,382,946,239,2022-04-25
15458,358,748,155,2022-04-25
15459,270,480,143,2022-04-25
15461,689,1471,312,2022-04-25
15462,33,108,29,2022-04-25
15463,63,128,26,2022-04-25
15464,151,445,137,2022-04-25
15468,315,703,191,2022-04-25
15469,258,620,216,2022-04-25
15470,78,220,56,2022-04-25
15473,631,1335,302,2022-04-25
15474,277,600,92,2022-04-25
15475,150,433,77,2022-04-25
15477,100,296,81,2022-04-25
15478,974,1979,476,2022-04-25
15479,282,603,166,2022-04-25
15480,288,619,159,2022-04-25
15482,71,173,62,2022-04-25
15483,62,165,36,2022-04-25
15484,52,122,21,2022-04-25
15486,306,714,194,2022-04-25
15488,22,72,13,2022-04-25
15490,71,169,61,2022-04-25
15501,3038,6824,1104,2022-04-25
15540,38,98,18,2022-04-25
15551,111,181,49,2022-04-25
15557,599,1094,243,2022-04-25
15601,8979,23037,4933,2022-04-25
15610,399,1072,303,2022-04-25
15611,49,151,38,2022-04-25
15612,49,115,42,2022-04-25
15613,2232,4630,718,2022-04-25
15615,61,95,17,2022-04-25
15616,9,60,13,2022-04-25
15617,35,95,26,2022-04-25
15618,350,772,176,2022-04-25
15620,147,258,88,2022-04-25
15622,118,365,98,2022-04-25
15623,113,304,63,2022-04-25
15626,655,1923,377,2022-04-25
15627,900,2155,612,2022-04-25
15628,80,176,47,2022-04-25
15631,101,297,119,2022-04-25
15632,1198,3566,653,2022-04-25
15634,79,206,65,2022-04-25
15636,555,1441,316,2022-04-25
15637,287,568,160,2022-04-25
15639,283,583,192,2022-04-25
15641,93,166,17,2022-04-25
15642,7349,16776,3520,2022-04-25
15644,2454,6517,1517,2022-04-25
15646,17,77,14,2022-04-25
15647,43,111,24,2022-04-25
15650,3758,10508,2404,2022-04-25
15655,61,218,41,2022-04-25
15656,1723,3451,472,2022-04-25
15658,947,3248,539,2022-04-25
15661,77,205,49,2022-04-25
15663,52,130,41,2022-04-25
15665,207,497,130,2022-04-25
15666,1971,5014,1517,2022-04-25
15668,1732,5638,866,2022-04-25
15670,475,1081,242,2022-04-25
15671,106,211,83,2022-04-25
15672,416,1085,289,2022-04-25
15673,204,447,75,2022-04-25
15675,136,333,73,2022-04-25
15677,30,169,39,2022-04-25
15678,85,211,47,2022-04-25
15679,340,948,294,2022-04-25
15681,579,1570,345,2022-04-25
15683,996,2785,869,2022-04-25
18349,14,93,-1,2022-04-25
18351,81,150,-1,2022-04-25
18356,73,245,-1,2022-04-25
18357,9,58,0,2022-04-25
18410,17,39,-1,2022-04-25
18413,22,95,-1,2022-04-25
18416,0,6,0,2022-04-25
18420,17,68,-1,2022-04-25
18440,27,94,11,2022-04-25
18448,0,-1,0,2022-04-25
18449,0,-1,0,2022-04-25
18454,-1,62,-1,2022-04-25
18457,25,75,7,2022-04-25
18459,12,38,-1,2022-04-25
18473,37,151,5,2022-04-25
18501,79,76,-1,2022-04-25
18502,5,22,-1,2022-04-25
18515,0,9,0,2022-04-25
18540,-1,6,0,2022-04-25
18577,0,-1,0,2022-04-25
18601,13,35,-1,2022-04-25
18602,47,182,8,2022-04-25
18611,-1,15,0,2022-04-25
18625,35,125,9,2022-04-25
18626,135,201,20,2022-04-25
18627,12,60,-1,2022-04-25
18653,6,16,-1,2022-04-25
18654,0,-1,0,2022-04-25
18690,-1,-1,0,2022-04-25
18703,45,124,5,2022-04-25
18710,-1,-1,0,2022-04-25
18711,128,212,63,2022-04-25
18762,0,0,0,2022-04-25
18764,-1,23,0,2022-04-25
18765,0,0,0,2022-04-25
18766,31,111,104,2022-04-25
18767,0,-1,0,2022-04-25
18769,0,-1,0,2022-04-25
18773,0,-1,0,2022-04-25
18813,6,20,0,2022-04-25
18814,18,43,-1,2022-04-25
18815,0,-1,0,2022-04-25
18816,11,34,0,2022-04-25
15684,80,190,38,2022-04-25
18820,-1,6,0,2022-04-25
18827,0,0,0,2022-04-25
18843,16,52,0,2022-04-25
18910,20,99,7,2022-04-25
18911,63,134,7,2022-04-25
18912,32,202,6,2022-04-25
18916,18,40,0,2022-04-25
18918,5,9,0,2022-04-25
18921,15,66,-1,2022-04-25
18922,6,34,0,2022-04-25
18928,20,110,-1,2022-04-25
18931,21,185,-1,2022-04-25
18935,40,86,-1,2022-04-25
18943,11,69,-1,2022-04-25
18946,13,70,-1,2022-04-25
18949,35,104,-1,2022-04-25
18950,41,189,-1,2022-04-25
18953,16,72,-1,2022-04-25
18956,6,53,0,2022-04-25
18957,9,55,-1,2022-04-25
18958,11,35,0,2022-04-25
18962,69,205,10,2022-04-25
18963,25,201,-1,2022-04-25
18968,20,50,-1,2022-04-25
18970,147,282,8,2022-04-25
18971,8,47,0,2022-04-25
18979,12,35,0,2022-04-25
18980,45,169,8,2022-04-25
18981,11,21,-1,2022-04-25
18991,-1,-1,0,2022-04-25
19016,18,64,-1,2022-04-25
19017,40,172,-1,2022-04-25
19019,0,75,0,2022-04-25
19028,12,64,-1,2022-04-25
19037,270,293,33,2022-04-25
19039,-1,61,-1,2022-04-25
19048,-1,9,0,2022-04-25
19049,-1,10,0,2022-04-25
19052,24,86,-1,2022-04-25
19058,15,57,-1,2022-04-25
19065,9,33,-1,2022-04-25
19080,-1,23,0,2022-04-25
19088,0,9,-1,2022-04-25
19089,-1,10,0,2022-04-25
19091,0,5,0,2022-04-25
19092,-1,12,0,2022-04-25
19093,0,10,0,2022-04-25
19098,-1,-1,-1,2022-04-25
19099,0,5,0,2022-04-25
19101,130,245,9,2022-04-25
19105,37,110,-1,2022-04-25
19108,13,31,-1,2022-04-25
19109,6,41,0,2022-04-25
19110,8,41,0,2022-04-25
19155,-1,23,0,2022-04-25
19160,11,42,-1,2022-04-25
19161,-1,9,-1,2022-04-25
19162,-1,-1,0,2022-04-25
19170,5,6,-1,2022-04-25
19171,0,10,0,2022-04-25
19172,-1,8,0,2022-04-25
19173,-1,-1,0,2022-04-25
19175,0,-1,0,2022-04-25
19176,6,40,0,2022-04-25
19177,0,-1,0,2022-04-25
19178,-1,6,0,2022-04-25
19179,0,5,0,2022-04-25
19181,0,5,0,2022-04-25
19182,-1,15,0,2022-04-25
19183,-1,5,0,2022-04-25
19184,-1,6,0,2022-04-25
19185,-1,-1,0,2022-04-25
19187,0,-1,0,2022-04-25
19188,0,5,0,2022-04-25
19190,-1,12,0,2022-04-25
19191,-1,8,0,2022-04-25
19192,-1,9,0,2022-04-25
19193,-1,12,-1,2022-04-25
19194,-1,24,0,2022-04-25
19195,-1,-1,0,2022-04-25
19196,0,6,0,2022-04-25
19197,0,-1,0,2022-04-25
19244,0,-1,0,2022-04-25
19255,0,-1,0,2022-04-25
19316,12,69,-1,2022-04-25
19318,0,17,-1,2022-04-25
19331,6,38,-1,2022-04-25
19339,0,6,0,2022-04-25
19340,-1,7,0,2022-04-25
19346,9,15,-1,2022-04-25
19347,14,35,-1,2022-04-25
19351,7,44,-1,2022-04-25
19353,-1,21,-1,2022-04-25
19354,-1,44,0,2022-04-25
19357,-1,39,-1,2022-04-25
19358,29,102,7,2022-04-25
19360,6,55,-1,2022-04-25
19366,0,29,-1,2022-04-25
19367,20,77,7,2022-04-25
19369,43,152,-1,2022-04-25
19371,0,-1,-1,2022-04-25
19375,46,259,7,2022-04-25
19376,16,53,-1,2022-04-25
19381,7,43,-1,2022-04-25
19395,6,46,-1,2022-04-25
19397,0,-1,0,2022-04-25
19398,0,5,0,2022-04-25
19399,-1,43,-1,2022-04-25
19404,19,71,-1,2022-04-25
19407,10,38,0,2022-04-25
19408,7,35,-1,2022-04-25
19409,-1,10,0,2022-04-25
19415,0,-1,0,2022-04-25
19421,14,142,5,2022-04-25
19423,-1,55,0,2022-04-25
19424,-1,-1,-1,2022-04-25
19429,-1,5,-1,2022-04-25
19430,18,51,-1,2022-04-25
19432,5,41,0,2022-04-25
19437,91,479,23,2022-04-25
19441,-1,7,0,2022-04-25
19442,50,331,9,2022-04-25
19443,6,50,0,2022-04-25
19450,17,91,0,2022-04-25
19451,0,-1,0,2022-04-25
19455,0,5,0,2022-04-25
19457,22,70,10,2022-04-25
19470,15,87,5,2022-04-25
19472,24,71,5,2022-04-25
19474,110,454,32,2022-04-25
19478,7,47,-1,2022-04-25
19480,6,36,-1,2022-04-25
19481,18,189,6,2022-04-25
19482,5,44,-1,2022-04-25
19484,0,9,0,2022-04-25
19486,17,83,0,2022-04-25
19490,100,283,28,2022-04-25
19493,0,6,0,2022-04-25
19494,0,-1,0,2022-04-25
19495,0,-1,0,2022-04-25
19496,0,-1,-1,2022-04-25
19511,25,58,-1,2022-04-25
19516,16,15,0,2022-04-25
19519,-1,-1,0,2022-04-25
19523,23,77,12,2022-04-25
19535,19,30,5,2022-04-25
19536,77,138,-1,2022-04-25
19538,18,51,0,2022-04-25
19544,31,35,-1,2022-04-25
19545,35,81,13,2022-04-25
19548,8,57,-1,2022-04-25
19554,93,163,10,2022-04-25
19559,57,100,9,2022-04-25
19564,24,48,-1,2022-04-25
19603,67,117,5,2022-04-25
19612,57,93,11,2022-04-25
15685,18,56,15,2022-04-25
15686,113,244,52,2022-04-25
15687,146,412,112,2022-04-25
15688,86,222,68,2022-04-25
15690,1514,2911,320,2022-04-25
15692,136,318,52,2022-04-25
15697,416,1005,283,2022-04-25
15698,87,229,63,2022-04-25
15701,4543,11244,1991,2022-04-25
15713,31,63,19,2022-04-25
15717,1561,3463,492,2022-04-25
15725,161,421,63,2022-04-25
15732,251,505,103,2022-04-25
15747,304,590,101,2022-04-25
15748,1075,2137,388,2022-04-25
15774,507,982,201,2022-04-25
15923,203,567,112,2022-04-25
16001,7260,14215,2366,2022-04-25
16002,2489,4759,913,2022-04-25
16023,1188,1771,217,2022-04-25
16027,49,129,27,2022-04-25
16033,914,2244,384,2022-04-25
16034,352,518,61,2022-04-25
16037,767,1798,283,2022-04-25
16045,193,436,84,2022-04-25
16046,3002,8892,1189,2022-04-25
16052,349,766,114,2022-04-25
16053,632,1321,247,2022-04-25
16055,1678,3242,431,2022-04-25
16056,931,1710,238,2022-04-25
16059,1391,3680,630,2022-04-25
16063,1314,3408,405,2022-04-25
16066,4914,13953,1867,2022-04-25
16115,625,982,132,2022-04-25
16117,3082,5704,782,2022-04-25
16120,367,687,111,2022-04-25
16123,342,738,92,2022-04-25
16136,175,268,33,2022-04-25
16141,264,527,87,2022-04-25
16157,486,948,184,2022-04-25
16201,3995,6279,487,2022-04-25
16210,209,312,21,2022-04-25
16212,85,125,8,2022-04-25
16222,399,614,70,2022-04-25
16226,1680,2718,225,2022-04-25
16228,91,132,9,2022-04-25
16229,911,1829,229,2022-04-25
16238,84,135,10,2022-04-25
16249,354,658,61,2022-04-25
16256,108,200,22,2022-04-25
16259,372,603,54,2022-04-25
16262,645,947,87,2022-04-25
16263,80,89,10,2022-04-25
17016,102,385,32,2022-04-25
17010,46,87,-1,2022-04-25
17039,6,23,-1,2022-04-25
17041,14,34,5,2022-04-25
15006,44,121,17,2022-04-25
15038,53,134,27,2022-04-25
15047,80,122,18,2022-04-25
15075,32,70,-1,2022-04-25
15087,19,49,14,2022-04-25
15088,89,156,27,2022-04-25
15315,120,241,41,2022-04-25
15316,44,66,26,2022-04-25
15325,86,189,66,2022-04-25
15348,54,146,49,2022-04-25
15351,103,260,56,2022-04-25
15358,124,324,88,2022-04-25
15378,16,53,6,2022-04-25
15379,19,46,8,2022-04-25
15420,34,104,16,2022-04-25
15421,51,183,25,2022-04-25
15422,32,88,25,2022-04-25
15430,56,106,34,2022-04-25
15435,69,156,35,2022-04-25
15443,42,119,29,2022-04-25
15447,24,62,20,2022-04-25
15448,12,37,17,2022-04-25
15449,23,85,17,2022-04-25
15455,37,86,36,2022-04-25
15460,13,28,12,2022-04-25
15466,65,143,20,2022-04-25
15467,24,48,-1,2022-04-25
15472,37,75,21,2022-04-25
15476,44,70,12,2022-04-25
15489,46,102,27,2022-04-25
15502,29,113,12,2022-04-25
15510,831,1558,8,2022-04-25
15520,49,75,17,2022-04-25
15532,31,56,-1,2022-04-25
15544,40,74,19,2022-04-25
15547,101,179,50,2022-04-25
15560,33,80,16,2022-04-25
15561,26,55,18,2022-04-25
15625,22,45,9,2022-04-25
15629,105,204,29,2022-04-25
15633,39,71,28,2022-04-25
15635,24,67,18,2022-04-25
15638,28,89,29,2022-04-25
15640,39,73,25,2022-04-25
15660,47,77,26,2022-04-25
15662,22,76,17,2022-04-25
15676,60,169,48,2022-04-25
15689,12,26,9,2022-04-25
15691,35,50,14,2022-04-25
15695,30,104,19,2022-04-25
15696,37,128,28,2022-04-25
15712,10,28,9,2022-04-25
15715,96,190,41,2022-04-25
15734,39,92,18,2022-04-25
15736,90,190,15,2022-04-25
15738,41,75,10,2022-04-25
15020,52,72,18,2022-04-25
15028,23,67,5,2022-04-25
15069,-1,11,0,2022-04-25
15072,19,61,10,2022-04-25
15081,60,163,17,2022-04-25
15091,-1,22,-1,2022-04-25
15095,5,8,0,2022-04-25
15096,-1,0,0,2022-04-25
15123,-1,22,0,2022-04-25
15127,19,62,-1,2022-04-25
15134,16,31,-1,2022-04-25
15230,19,47,6,2022-04-25
15240,29,11,-1,2022-04-25
15242,7,14,0,2022-04-25
15244,6,14,-1,2022-04-25
15250,-1,-1,0,2022-04-25
15251,-1,-1,0,2022-04-25
15252,0,-1,0,2022-04-25
15253,-1,-1,0,2022-04-25
15254,-1,-1,0,2022-04-25
15255,0,0,0,2022-04-25
15257,-1,-1,0,2022-04-25
15258,0,-1,0,2022-04-25
15259,0,-1,0,2022-04-25
15262,-1,-1,0,2022-04-25
15264,0,-1,0,2022-04-25
15265,-1,-1,0,2022-04-25
15267,0,-1,0,2022-04-25
15268,0,-1,0,2022-04-25
15270,-1,0,0,2022-04-25
15272,0,-1,0,2022-04-25
15274,0,-1,0,2022-04-25
15276,0,8,0,2022-04-25
15277,-1,-1,0,2022-04-25
15278,0,0,0,2022-04-25
15279,0,-1,0,2022-04-25
15281,-1,-1,0,2022-04-25
15282,471,1702,108,2022-04-25
15283,0,-1,0,2022-04-25
15286,0,-1,0,2022-04-25
15289,424,3693,11,2022-04-25
15290,-1,-1,0,2022-04-25
15295,0,-1,0,2022-04-25
15336,13,13,-1,2022-04-25
15339,0,-1,0,2022-04-25
15350,108,248,45,2022-04-25
15365,20,39,8,2022-04-25
15366,25,72,10,2022-04-25
15368,71,220,60,2022-04-25
15415,15,22,-1,2022-04-25
15416,29,62,14,2022-04-25
15439,11,39,-1,2022-04-25
15454,46,67,10,2022-04-25
15465,40,106,22,2022-04-25
15485,0,-1,0,2022-04-25
15492,9,34,-1,2022-04-25
15548,8,12,-1,2022-04-25
15549,13,22,-1,2022-04-25
15553,13,44,9,2022-04-25
15565,9,10,0,2022-04-25
15605,0,5,0,2022-04-25
15606,0,5,0,2022-04-25
15619,44,128,31,2022-04-25
15621,-1,-1,-1,2022-04-25
15624,63,146,46,2022-04-25
15664,5,22,5,2022-04-25
15674,20,64,21,2022-04-25
15680,29,65,20,2022-04-25
15682,-1,8,0,2022-04-25
15693,31,73,20,2022-04-25
15710,44,71,14,2022-04-25
15723,10,13,-1,2022-04-25
15727,28,61,14,2022-04-25
15731,55,99,16,2022-04-25
15733,15,54,5,2022-04-25
15737,94,206,38,2022-04-25
15741,14,30,5,2022-04-25
15745,72,116,26,2022-04-25
15746,115,82,31,2022-04-25
15752,8,30,-1,2022-04-25
15754,97,167,36,2022-04-25
15756,23,50,15,2022-04-25
15761,9,30,-1,2022-04-25
15779,239,299,136,2022-04-25
15781,14,52,-1,2022-04-25
15783,23,27,10,2022-04-25
15822,0,0,0,2022-04-25
15831,25,41,26,2022-04-25
15841,25,58,20,2022-04-25
15847,22,47,11,2022-04-25
15863,25,61,20,2022-04-25
15907,10,19,-1,2022-04-25
15915,0,-1,0,2022-04-25
15921,173,297,81,2022-04-25
15922,33,76,28,2022-04-25
15925,35,73,14,2022-04-25
15929,23,38,12,2022-04-25
15930,42,105,27,2022-04-25
15937,159,293,70,2022-04-25
15948,91,212,55,2022-04-25
15959,24,71,17,2022-04-25
15962,39,91,16,2022-04-25
16003,38,100,6,2022-04-25
16016,-1,-1,0,2022-04-25
16017,-1,-1,0,2022-04-25
16018,-1,0,0,2022-04-25
16021,-1,7,-1,2022-04-25
16024,50,87,26,2022-04-25
16029,143,213,45,2022-04-25
16035,20,25,-1,2022-04-25
16039,97,148,8,2022-04-25
16048,25,36,7,2022-04-25
16054,44,103,14,2022-04-25
16058,-1,6,-1,2022-04-25
16103,22,30,-1,2022-04-25
16107,11,31,8,2022-04-25
16108,-1,-1,0,2022-04-25
16113,72,127,17,2022-04-25
16132,42,117,28,2022-04-25
16140,8,29,9,2022-04-25
16151,15,28,6,2022-04-25
16155,0,22,0,2022-04-25
16160,118,264,55,2022-04-25
16161,106,240,37,2022-04-25
16211,18,28,-1,2022-04-25
16220,15,26,5,2022-04-25
16221,11,14,0,2022-04-25
16223,27,55,-1,2022-04-25
16230,103,150,19,2022-04-25
16236,69,107,5,2022-04-25
16244,49,70,10,2022-04-25
16245,41,56,-1,2022-04-25
16246,47,79,14,2022-04-25
16250,50,79,-1,2022-04-25
16257,0,0,0,2022-04-25
16261,-1,-1,0,2022-04-25
16312,-1,5,0,2022-04-25
16322,16,41,5,2022-04-25
16328,30,54,-1,2022-04-25
16343,62,126,11,2022-04-25
16344,75,154,24,2022-04-25
16352,38,84,12,2022-04-25
16361,21,30,-1,2022-04-25
16366,0,0,0,2022-04-25
16367,-1,-1,0,2022-04-25
16368,0,-1,0,2022-04-25
16369,0,0,0,2022-04-25
16370,25,66,0,2022-04-25
16375,7,15,0,2022-04-25
16388,0,-1,0,2022-04-25
16413,0,10,0,2022-04-25
16416,19,38,-1,2022-04-25
16422,72,114,19,2022-04-25
16427,41,86,5,2022-04-25
16432,-1,6,0,2022-04-25
16475,922,1395,-1,2022-04-25
16512,26,37,0,2022-04-25
16514,10,34,0,2022-04-25
16515,0,-1,0,2022-04-25
16522,0,0,0,2022-04-25
16530,0,-1,0,2022-04-25
16531,-1,-1,0,2022-04-25
16534,-1,-1,0,2022-04-25
16538,0,-1,0,2022-04-25
16541,92,98,-1,2022-04-25
16544,8,26,0,2022-04-25
16546,64,212,15,2022-04-25
16550,-1,-1,-1,2022-04-25
16553,0,-1,0,2022-04-25
16563,58,396,5,2022-04-25
16603,22,58,7,2022-04-25
16619,53,125,17,2022-04-25
16624,37,59,24,2022-04-25
16629,8,23,-1,2022-04-25
16631,11,19,7,2022-04-25
16633,36,54,5,2022-04-25
16638,19,24,-1,2022-04-25
16644,53,82,26,2022-04-25
16654,601,2589,-1,2022-04-25
16660,16,23,-1,2022-04-25
16663,30,47,-1,2022-04-25
16665,64,122,23,2022-04-25
16672,25,56,-1,2022-04-25
16675,6,27,10,2022-04-25
16677,82,189,5,2022-04-25
16681,44,66,11,2022-04-25
16684,30,73,7,2022-04-25
16694,49,84,18,2022-04-25
16698,430,1498,-1,2022-04-25
16699,0,-1,-1,2022-04-25
16725,37,73,8,2022-04-25
16728,-1,0,0,2022-04-25
16730,29,47,-1,2022-04-25
16733,17,48,6,2022-04-25
16804,21,97,-1,2022-04-25
16805,-1,23,0,2022-04-25
16825,54,99,18,2022-04-25
16826,248,343,16,2022-04-25
16834,54,122,10,2022-04-25
16835,59,130,8,2022-04-25
16843,151,234,37,2022-04-25
16847,106,143,20,2022-04-25
16848,92,114,6,2022-04-25
16849,89,134,24,2022-04-25
16851,160,625,30,2022-04-25
16853,286,499,20,2022-04-25
16855,54,93,18,2022-04-25
16856,51,83,10,2022-04-25
16868,101,411,11,2022-04-25
16873,11,20,7,2022-04-25
16910,13,19,-1,2022-04-25
16911,17,31,-1,2022-04-25
16945,0,7,0,2022-04-25
17001,199,1544,15,2022-04-25
